{
  "test/integration/opaTests.qunit-dbg.js": 1701084218644,
  "test/integration/FirstJourney.js": 1701084218652,
  "test/integration/pages/RisksList.js": 1701084218652,
  "test/integration/opaTests.qunit.js": 1701084218644,
  "test/integration/pages/RisksObjectPage.js": 1701084218652,
  "test/testsuite.qunit.js": 1701084218640,
  "xs-app.json": 1701248449704,
  "manifest.json": 1701248449716,
  "Component.js": 1701084218632,
  "test/integration/FirstJourney-dbg.js": 1701084218652,
  "test/integration/FirstJourney.js.map": 1701248483456,
  "test/integration/pages/RisksList-dbg.js": 1701084218652,
  "test/integration/pages/RisksList.js.map": 1701248483449,
  "i18n/i18n.properties": 1701084280459,
  "test/integration/opaTests.qunit.js.map": 1701248483448,
  "test/integration/pages/RisksObjectPage-dbg.js": 1701084218652,
  "test/integration/pages/RisksObjectPage.js.map": 1701248483444,
  "test/testsuite.qunit-dbg.js": 1701084218640,
  "test/testsuite.qunit.js.map": 1701248483450,
  "Component-dbg.js": 1701084218632,
  "Component.js.map": 1701248483451,
  "Component-preload.js": 1701248483627,
  "Component-preload.js.map": 1701248483628,
  "test/integration/opaTests.qunit.html": 1701084218640,
  "test/testsuite.qunit.html": 1701084218636,
  "test/flpSandbox.html": 1701084218636,
  "localService/metadata.xml": 1701084218636,
  "index.html": 1701084218632
}